ID,Company,Role,URL,Date
1,Felix Recruitment Limited,International Software Quality Engineer,https://job-openings.monster.ie/International-Software-Quality-Engineer-Cork-Cork-Ireland-Felix-Recruitment-Limited/11/195118121,Posted today
2,BSS Contract Solutions Limited,Junior Quantity Surveyor,https://job-openings.monster.ie/Junior-Quantity-Surveyor-Dublin-Dublin-Ireland-BSS-Contract-Solutions-Limited/11/195118094,Posted today
3,CPL IE,BI Developer,https://job-openings.monster.ie/BI-Developer-Dublin-Dublin-Ireland-CPL-IE/11/195118063,Posted today
4,Software Placements,Software Engineer,https://job-openings.monster.ie/Software-Engineer-Dublin-Dublin-Ireland-Software-Placements/11/195117218,Posted today
5,Hays Ireland,Microbiology Analyst,https://job-openings.monster.ie/Microbiology-Analyst-Dublin-Dublin-Ireland-Hays-Ireland/11/195117180,Posted today
6,Software Placements,Software Developer - Multi-Threading,https://job-openings.monster.ie/Software-Developer-Multi-Threading-Dublin-Dublin-Ireland-Software-Placements/11/195115759,Posted today
7,Keywords Studios,Video Games Tester - German speaking,https://job-openings.monster.ie/Video-Games-Tester-German-speaking-DUBLIN-Dublin-Ireland-Keywords-Studios/11/194641205,Posted today
8,Vantage Resources Limited,"Linux Systems Administrator, Contract",https://job-openings.monster.ie/Linux-Systems-Administrator-Contract-Dublin-Dublin-Ireland-Vantage-Resources-Limited/11/192927573,Posted today
9,Osborne,Senior Electronic Design Engineer,https://job-openings.monster.ie/Senior-Electronic-Design-Engineer-Dublin-Dublin-Ireland-Osborne/11/194243235,Posted today
10,E-Frontiers Ltd,UI/UX Designer,https://job-openings.monster.ie/UI-UX-Designer-Dublin-Dublin-Ireland-E-Frontiers-Ltd/11/194910518,Posted today
11,E-Frontiers Ltd,Software Engineer Java + Spark,https://job-openings.monster.ie/Software-Engineer-Java-Spark-Dublin-Dublin-Ireland-E-Frontiers-Ltd/11/194241804,Posted today
12,E-Frontiers Ltd,Mainframe Developer,https://job-openings.monster.ie/Mainframe-Developer-Dublin-Dublin-Ireland-E-Frontiers-Ltd/11/194037350,Posted today
13,E-Frontiers Ltd,Business Analyst - Contract role,https://job-openings.monster.ie/Business-Analyst-Contract-role-Naas-Kildare-Ireland-E-Frontiers-Ltd/11/193585348,Posted today
14,E-Frontiers Ltd,Data Warehouse and BI developer- Leading Analytics Company,https://job-openings.monster.ie/Data-Warehouse-BI-developer-Leading-Analytics-Company-Dublin-Dublin-Ireland-E-Frontiers-Ltd/11/190948283,Posted today
15,E-Frontiers Ltd,Test Analyst – Manual Testing,https://job-openings.monster.ie/Test-Analyst-–-Manual-Testing-Naas-Kildare-Ireland-E-Frontiers-Ltd/11/190510157,Posted today
16,Archer Recruitment,QA Engineer with Northside e-Commerce Company,https://job-openings.monster.ie/QA-Engineer-with-Northside-e-Commerce-Company-Dublin-Dublin-Ireland-Archer-Recruitment/11/195110389,Posted today
17,Brightwater Recruitment Specialists,Business Analyst,https://job-openings.monster.ie/Business-Analyst-Dublin-Dublin-Ireland-Brightwater-Recruitment-Specialists/11/194241474,Posted today
18,Morgan McKinley,Auditor,https://job-openings.monster.ie/Auditor-Dublin-Ireland-Morgan-McKinley/11/194026988,Posted today
19,Stelfox,Full Stack Java Contract - Dublin City/South,https://job-openings.monster.ie/Full-Stack-Java-Contract-Dublin-City-South-Dublin-Dublin-Ireland-Stelfox/11/194917463,Posted today
20,Stelfox,Senior SQL/BI Developer - 12 Month Contract,https://job-openings.monster.ie/Senior-SQL-BI-Developer-12-Month-Contract-Dublin-Dublin-Ireland-Stelfox/11/194905792,Posted today
21,Allen Recruitment Consulting,Quality Assurance Engineer,https://job-openings.monster.ie/Quality-Assurance-Engineer-Dublin-West-Dublin-IE-Allen-Recruitment-Consulting/11/190754895,Posted today
22,E-Frontiers Ltd,Software Engineer Java + Spark,https://job-openings.monster.ie/Software-Engineer-Java-Spark-Dublin-Dublin-IE-E-Frontiers-Ltd/11/194241804,Posted today
23,Oliver James Associates,QA Engineer - South Dublin - insurance industry,https://job-openings.monster.ie/QA-Engineer-South-Dublin-insurance-industry-Dublin-South-Dublin-IE-Oliver-James-Associates/11/194903925,Posted today
24,Computer Futures,IOS software Developer,https://job-openings.monster.ie/IOS-software-Developer-Dublin-City-Centre-Dublin-IE-Computer-Futures/11/194898301,Posted today
25,LAM RESEARCH (IRELAND),Product Engineer (Data Analytics),https://job-openings.monster.ie/Product-Engineer-Data-Analytics-Dublin-North-Dublin-IE-LAM-RESEARCH-IRELAND/11/194693131,Posted today
1,Stelfox,Cloud DevOps Engineer,https://job-openings.monster.ie/Cloud-DevOps-Engineer-Dublin-Dublin-Ireland-Stelfox/11/193787698,Posted today
2,Stelfox,Software Engineers - Data Integration Platform,https://job-openings.monster.ie/Software-Engineers-Data-Integration-Platform-Dublin-Dublin-Ireland-Stelfox/11/193385395,Posted today
3,Stelfox,Senior Full Stack Engineer (Python or Node) Contract - Dublin City Centre,https://job-openings.monster.ie/Senior-Full-Stack-Engineer-Python-or-Node-Contract-Dublin-City-Centre-Dublin-Dublin-Ireland-Stelfox/11/194024391,Posted today
4,Stelfox,Senior Python Engineer,https://job-openings.monster.ie/Senior-Python-Engineer-Dublin-Dublin-Ireland-Stelfox/11/193164584,Posted today
5,Stelfox,iOS Developer Contract - Dublin City Centre,https://job-openings.monster.ie/iOS-Developer-Contract-Dublin-City-Centre-Dublin-Dublin-Ireland-Stelfox/11/192538139,Posted today
6,Stelfox,Senior C#.NET Developer x3,https://job-openings.monster.ie/Senior-C-NET-Developer-x3-Dublin-Dublin-Ireland-Stelfox/11/191639656,Posted today
7,Stelfox,Senior Frontend Software Developer,https://job-openings.monster.ie/Senior-Frontend-Software-Developer-Dublin-Dublin-Ireland-Stelfox/11/192120805,Posted today
8,Stelfox,Platform Engineer (Scala),https://job-openings.monster.ie/Platform-Engineer-Scala-Dublin-Dublin-Ireland-Stelfox/11/190945774,Posted today
9,Allen Recruitment Consulting,Senior Network Engineer,https://job-openings.monster.ie/Senior-Network-Engineer-Dublin-Dublin-Ireland-Allen-Recruitment-Consulting/11/193394874,Posted today
10,IT Alliance Group,Voice Engineer,https://job-openings.monster.ie/Voice-Engineer-Dublin-Dublin-Ireland-IT-Alliance-Group/11/188266900,Posted today
11,IT Alliance Group,Level 1.5 Service Desk - Permanent,https://job-openings.monster.ie/Level-1-5-Service-Desk-Permanent-Dublin-Dublin-Ireland-IT-Alliance-Group/11/194482304,Posted today
12,Real Staffing,CSV Engineer,https://job-openings.monster.ie/CSV-Engineer-Dublin-Dublin-Ireland-Real-Staffing/11/195110316,Posted today
13,Computer Futures,Senior QA engineer,https://job-openings.monster.ie/Senior-QA-engineer-Dublin-Dublin-Ireland-Computer-Futures/11/195107792,Posted today
14,CPL IE,Reporting Developer,https://job-openings.monster.ie/Reporting-Developer-Dublin-Dublin-Ireland-CPL-IE/11/195105370,Posted today
15,Computer Futures,Senior .NET Developer Backend systems,https://job-openings.monster.ie/Senior-NET-Developer-Backend-systems-Dublin-Dublin-Ireland-Computer-Futures/11/195104932,Posted today
16,LAM RESEARCH (IRELAND),Software Development Engineer,https://job-openings.monster.ie/Software-Development-Engineer-DUBLIN-Dublin-Ireland-LAM-RESEARCH-IRELAND/11/193071273,Posted today
17,LAM RESEARCH (IRELAND),"Senior Software Engineer, Distributed Computing",https://job-openings.monster.ie/Senior-Software-Engineer-Distributed-Computing-Dublin-Dublin-Ireland-LAM-RESEARCH-IRELAND/11/194695044,Posted today
18,LAM RESEARCH (IRELAND),"Senior/Staff C++ Computational Physics Developer, Etch Models",https://job-openings.monster.ie/Senior-Staff-C-Computational-Physics-Developer-Etch-Models-Dublin-Dublin-Ireland-LAM-RESEARCH-IRELAND/11/194694685,Posted today
19,Reperio Human Capital Ltd,QA Automation Tester (Contract Dublin) 6 month,https://job-openings.monster.ie/QA-Automation-Tester-Contract-Dublin-6-month-Dublin-Dublin-Ireland-Reperio-Human-Capital-Ltd/11/194914375,Posted today
20,Ergo,Test Lead,https://job-openings.monster.ie/Test-Lead-Dublin-Ireland-Ergo/11/194901244,Posted today
21,Principle HR,Infrastructure Engineer Wireless 100k+,https://job-openings.monster.ie/Infrastructure-Engineer-Wireless-100k-Dublin-City-Centre-Dublin-IE-Principle-HR/11/195075845,1 day ago
22,Sigmar,Automation Engineer,https://job-openings.monster.ie/Automation-Engineer-Dublin-North-Dublin-IE-Sigmar/11/195075962,1 day ago
23,Osborne,Development Test Engineer,https://job-openings.monster.ie/Development-Test-Engineer-Co.-Dublin-Dublin-IE-Osborne/11/191805426,1 day ago
24,Eden Recruitment Limited,PHP Developer,https://job-openings.monster.ie/PHP-Developer-Dublin-Dublin-IE-Eden-Recruitment-Limited/11/193547984,1 day ago
25,Reperio Human Capital Ltd,QA Lead - Automation,https://job-openings.monster.ie/QA-Lead-Automation-Dublin-City-Centre-Dublin-IE-Reperio-Human-Capital-Ltd/11/194218920,1 day ago
